Metric,Value
RMSE,6.735151508604572
MAE,5.607117669335723
R2,0.9152309953959855
